{"stats":{"minecraft:picked_up":{"minecraft:spruce_log":7},"minecraft:mined":{"minecraft:spruce_leaves":3,"minecraft:spruce_log":7,"minecraft:birch_leaves":1,"minecraft:oak_leaves":1},"minecraft:crafted":{"minecraft:spruce_planks":28},"minecraft:custom":{"minecraft:jump":16,"minecraft:time_since_rest":3895,"minecraft:sprint_one_cm":2959,"minecraft:leave_game":2,"minecraft:play_time":3895,"minecraft:time_since_death":3895,"minecraft:walk_one_cm":1862,"minecraft:total_world_time":3895,"minecraft:fall_one_cm":418,"minecraft:fly_one_cm":2175}},"DataVersion":3465}